system,system_label,n,m,theoretical_L1_threshold,best_optimized_gain,median_optimized_gain,optimized_gain_q1,optimized_gain_q3,optimized_gain_iqr,mean_optimized_gain,std_optimized_gain,analytic_construction_gain,analytic_construction_kind,best_available_upper_bound,best_solution_source,optimized_L1_feasible,analytic_L1_feasible,best_available_L1_feasible,optimized_result_interpretation
AdjacentSwap,Adjacent transpositions,4,1,3,3.6937840666021993,3.6937840666021993,3.6937840666021993,3.6937840666021993,0.0,3.6937840666021993,0.0,,,3.6937840666021993,optimized,False,False,False,empirical upper bound on the dimension--gain profile
AdjacentSwap,Adjacent transpositions,4,2,3,1.6660233109102365,1.6660233109102365,1.6660233109102365,1.6660233109102365,0.0,1.6660233109102365,0.0,,,1.6660233109102365,optimized,False,False,False,empirical upper bound on the dimension--gain profile
AdjacentSwap,Adjacent transpositions,4,3,3,1.5271190424839074,1.5271190424839074,1.5271190424839074,1.5271190424839074,0.0,1.5271190424839074,0.0,1.0000000000000007,regular_simplex,1.0000000000000007,analytic,False,True,True,empirical upper bound on the dimension--gain profile
AdjacentSwap,Adjacent transpositions,6,1,5,6.022076023365631,6.022076023365631,6.022076023365631,6.022076023365631,0.0,6.022076023365631,0.0,,,6.022076023365631,optimized,False,False,False,empirical upper bound on the dimension--gain profile
AdjacentSwap,Adjacent transpositions,6,2,5,2.4623391321543266,2.4623391321543266,2.4623391321543266,2.4623391321543266,0.0,2.4623391321543266,0.0,,,2.4623391321543266,optimized,False,False,False,empirical upper bound on the dimension--gain profile
AdjacentSwap,Adjacent transpositions,6,3,5,2.4836764129169038,2.4836764129169038,2.4836764129169038,2.4836764129169038,0.0,2.4836764129169038,0.0,,,2.4836764129169038,optimized,False,False,False,empirical upper bound on the dimension--gain profile
AdjacentSwap,Adjacent transpositions,6,4,5,2.4626986131434525,2.4626986131434525,2.4626986131434525,2.4626986131434525,0.0,2.4626986131434525,0.0,,,2.4626986131434525,optimized,False,False,False,empirical upper bound on the dimension--gain profile
AdjacentSwap,Adjacent transpositions,6,5,5,1.971744014662227,1.971744014662227,1.971744014662227,1.971744014662227,0.0,1.971744014662227,0.0,1.0000000000000007,regular_simplex,1.0000000000000007,analytic,False,True,True,empirical upper bound on the dimension--gain profile
AdjacentSwap,Adjacent transpositions,8,1,7,15.001256650398073,15.001256650398073,15.001256650398073,15.001256650398073,0.0,15.001256650398073,0.0,,,15.001256650398073,optimized,False,False,False,empirical upper bound on the dimension--gain profile
AdjacentSwap,Adjacent transpositions,8,2,7,5.525993748283953,5.525993748283953,5.525993748283953,5.525993748283953,0.0,5.525993748283953,0.0,,,5.525993748283953,optimized,False,False,False,empirical upper bound on the dimension--gain profile
AdjacentSwap,Adjacent transpositions,8,3,7,3.2214472612896197,3.2214472612896197,3.2214472612896197,3.2214472612896197,0.0,3.2214472612896197,0.0,,,3.2214472612896197,optimized,False,False,False,empirical upper bound on the dimension--gain profile
AdjacentSwap,Adjacent transpositions,8,4,7,2.7210790684613375,2.7210790684613375,2.7210790684613375,2.7210790684613375,0.0,2.7210790684613375,0.0,,,2.7210790684613375,optimized,False,False,False,empirical upper bound on the dimension--gain profile
AdjacentSwap,Adjacent transpositions,8,5,7,1.9119140905344711,1.9119140905344711,1.9119140905344711,1.9119140905344711,0.0,1.9119140905344711,0.0,,,1.9119140905344711,optimized,False,False,False,empirical upper bound on the dimension--gain profile
AdjacentSwap,Adjacent transpositions,8,6,7,3.614916611891788,3.614916611891788,3.614916611891788,3.614916611891788,0.0,3.614916611891788,0.0,,,3.614916611891788,optimized,False,False,False,empirical upper bound on the dimension--gain profile
AdjacentSwap,Adjacent transpositions,8,7,7,2.0353737106781735,2.0353737106781735,2.0353737106781735,2.0353737106781735,0.0,2.0353737106781735,0.0,1.0000000000000009,regular_simplex,1.0000000000000009,analytic,False,True,True,empirical upper bound on the dimension--gain profile
AdjacentSwap,Adjacent transpositions,10,1,9,17.009178171227518,17.009178171227518,17.009178171227518,17.009178171227518,0.0,17.009178171227518,0.0,,,17.009178171227518,optimized,False,False,False,empirical upper bound on the dimension--gain profile
AdjacentSwap,Adjacent transpositions,10,2,9,22.066680428738163,22.066680428738163,22.066680428738163,22.066680428738163,0.0,22.066680428738163,0.0,,,22.066680428738163,optimized,False,False,False,empirical upper bound on the dimension--gain profile
AdjacentSwap,Adjacent transpositions,10,3,9,5.216850855776587,5.216850855776587,5.216850855776587,5.216850855776587,0.0,5.216850855776587,0.0,,,5.216850855776587,optimized,False,False,False,empirical upper bound on the dimension--gain profile
AdjacentSwap,Adjacent transpositions,10,4,9,2.7822357920773553,2.7822357920773553,2.7822357920773553,2.7822357920773553,0.0,2.7822357920773553,0.0,,,2.7822357920773553,optimized,False,False,False,empirical upper bound on the dimension--gain profile
AdjacentSwap,Adjacent transpositions,10,5,9,2.7596266354488046,2.7596266354488046,2.7596266354488046,2.7596266354488046,0.0,2.7596266354488046,0.0,,,2.7596266354488046,optimized,False,False,False,empirical upper bound on the dimension--gain profile
AdjacentSwap,Adjacent transpositions,10,6,9,3.614916612811334,3.614916612811334,3.614916612811334,3.614916612811334,0.0,3.614916612811334,0.0,,,3.614916612811334,optimized,False,False,False,empirical upper bound on the dimension--gain profile
AdjacentSwap,Adjacent transpositions,10,7,9,2.039471441902731,2.039471441902731,2.039471441902731,2.039471441902731,0.0,2.039471441902731,0.0,,,2.039471441902731,optimized,False,False,False,empirical upper bound on the dimension--gain profile
AdjacentSwap,Adjacent transpositions,10,8,9,2.5601132371281494,2.5601132371281494,2.5601132371281494,2.5601132371281494,0.0,2.5601132371281494,0.0,,,2.5601132371281494,optimized,False,False,False,empirical upper bound on the dimension--gain profile
AdjacentSwap,Adjacent transpositions,10,9,9,1.7895150153977775,1.7895150153977775,1.7895150153977775,1.7895150153977775,0.0,1.7895150153977775,0.0,1.0000000000000009,regular_simplex,1.0000000000000009,analytic,False,True,True,empirical upper bound on the dimension--gain profile
AllSwap,Complete transpositions,4,1,3,3.6937840665566597,3.6937840665566597,3.6937840665566597,3.6937840665566597,0.0,3.6937840665566597,0.0,3.0,grid,3.0,analytic,False,False,False,empirical upper bound on the dimension--gain profile
AllSwap,Complete transpositions,4,2,3,2.2523412930637354,2.2523412930637354,2.2523412930637354,2.2523412930637354,0.0,2.2523412930637354,0.0,1.4142135623730951,grid,1.4142135623730951,analytic,False,False,False,empirical upper bound on the dimension--gain profile
AllSwap,Complete transpositions,4,3,3,1.9471573477673387,1.9471573477673387,1.9471573477673387,1.9471573477673387,0.0,1.9471573477673387,0.0,1.0000000000000004,regular_simplex,1.0000000000000004,analytic,False,True,True,empirical upper bound on the dimension--gain profile
AllSwap,Complete transpositions,6,1,5,8.999595052906036,8.999595052906036,8.999595052906036,8.999595052906036,0.0,8.999595052906036,0.0,5.0,grid,5.0,analytic,False,False,False,empirical upper bound on the dimension--gain profile
AllSwap,Complete transpositions,6,2,5,3.6130356741304075,3.6130356741304075,3.6130356741304075,3.6130356741304075,0.0,3.6130356741304075,0.0,2.23606797749979,grid,2.23606797749979,analytic,False,False,False,empirical upper bound on the dimension--gain profile
AllSwap,Complete transpositions,6,3,5,2.9302086878076636,2.9302086878076636,2.9302086878076636,2.9302086878076636,0.0,2.9302086878076636,0.0,1.7320508075688772,grid,1.7320508075688772,analytic,False,False,False,empirical upper bound on the dimension--gain profile
AllSwap,Complete transpositions,6,4,5,2.7170937060495515,2.7170937060495515,2.7170937060495515,2.7170937060495515,0.0,2.7170937060495515,0.0,1.7320508075688772,grid,1.7320508075688772,analytic,False,False,False,empirical upper bound on the dimension--gain profile
AllSwap,Complete transpositions,6,5,5,2.2036423196777046,2.2036423196777046,2.2036423196777046,2.2036423196777046,0.0,2.2036423196777046,0.0,1.0000000000000009,regular_simplex,1.0000000000000009,analytic,False,True,True,empirical upper bound on the dimension--gain profile
AllSwap,Complete transpositions,8,1,7,16.00125665054804,16.00125665054804,16.00125665054804,16.00125665054804,0.0,16.00125665054804,0.0,7.0,grid,7.0,analytic,False,False,False,empirical upper bound on the dimension--gain profile
AllSwap,Complete transpositions,8,2,7,6.851103343493236,6.851103343493236,6.851103343493236,6.851103343493236,0.0,6.851103343493236,0.0,2.8284271247461903,grid,2.8284271247461903,analytic,False,False,False,empirical upper bound on the dimension--gain profile
AllSwap,Complete transpositions,8,3,7,4.535328754074352,4.535328754074352,4.535328754074352,4.535328754074352,0.0,4.535328754074352,0.0,1.7320508075688772,grid,1.7320508075688772,analytic,False,False,False,empirical upper bound on the dimension--gain profile
AllSwap,Complete transpositions,8,4,7,3.20636060026971,3.20636060026971,3.20636060026971,3.20636060026971,0.0,3.20636060026971,0.0,1.7320508075688772,grid,1.7320508075688772,analytic,False,False,False,empirical upper bound on the dimension--gain profile
AllSwap,Complete transpositions,8,5,7,2.6730790848054253,2.6730790848054253,2.6730790848054253,2.6730790848054253,0.0,2.6730790848054253,0.0,1.7320508075688772,grid,1.7320508075688772,analytic,False,False,False,empirical upper bound on the dimension--gain profile
AllSwap,Complete transpositions,8,6,7,3.61491661452867,3.61491661452867,3.61491661452867,3.61491661452867,0.0,3.61491661452867,0.0,1.7320508075688772,grid,1.7320508075688772,analytic,False,False,False,empirical upper bound on the dimension--gain profile
AllSwap,Complete transpositions,8,7,7,2.302429431525516,2.302429431525516,2.302429431525516,2.302429431525516,0.0,2.302429431525516,0.0,1.000000000000001,regular_simplex,1.000000000000001,analytic,False,True,True,empirical upper bound on the dimension--gain profile
AllSwap,Complete transpositions,10,1,9,17.009178173629483,17.009178173629483,17.009178173629483,17.009178173629483,0.0,17.009178173629483,0.0,9.0,grid,9.0,analytic,False,False,False,empirical upper bound on the dimension--gain profile
AllSwap,Complete transpositions,10,2,9,29.748402583692727,29.748402583692727,29.748402583692727,29.748402583692727,0.0,29.748402583692727,0.0,3.605551275463989,grid,3.605551275463989,analytic,False,False,False,empirical upper bound on the dimension--gain profile
AllSwap,Complete transpositions,10,3,9,5.482558080333586,5.482558080333586,5.482558080333586,5.482558080333586,0.0,5.482558080333586,0.0,3.0,grid,3.0,analytic,False,False,False,empirical upper bound on the dimension--gain profile
AllSwap,Complete transpositions,10,4,9,3.3802108730289526,3.3802108730289526,3.3802108730289526,3.3802108730289526,0.0,3.3802108730289526,0.0,2.0,grid,2.0,analytic,False,False,False,empirical upper bound on the dimension--gain profile
AllSwap,Complete transpositions,10,5,9,3.1299331364294063,3.1299331364294063,3.1299331364294063,3.1299331364294063,0.0,3.1299331364294063,0.0,2.0,grid,2.0,analytic,False,False,False,empirical upper bound on the dimension--gain profile
AllSwap,Complete transpositions,10,6,9,4.020614042382057,4.020614042382057,4.020614042382057,4.020614042382057,0.0,4.020614042382057,0.0,2.0,grid,2.0,analytic,False,False,False,empirical upper bound on the dimension--gain profile
AllSwap,Complete transpositions,10,7,9,2.146025923826301,2.146025923826301,2.146025923826301,2.146025923826301,0.0,2.146025923826301,0.0,2.0,grid,2.0,analytic,False,False,False,empirical upper bound on the dimension--gain profile
AllSwap,Complete transpositions,10,8,9,2.560113244752851,2.560113244752851,2.560113244752851,2.560113244752851,0.0,2.560113244752851,0.0,2.0,grid,2.0,analytic,False,False,False,empirical upper bound on the dimension--gain profile
AllSwap,Complete transpositions,10,9,9,2.5001424508143706,2.5001424508143706,2.5001424508143706,2.5001424508143706,0.0,2.5001424508143706,0.0,1.000000000000001,regular_simplex,1.000000000000001,analytic,False,True,True,empirical upper bound on the dimension--gain profile
Cycle,Cycle,4,1,2,4.111535051224615,4.111535051224615,4.111535051224615,4.111535051224615,0.0,4.111535051224615,0.0,,,4.111535051224615,optimized,False,False,False,empirical upper bound on the dimension--gain profile
Cycle,Cycle,4,2,2,2.2523412927405566,2.2523412927405566,2.2523412927405566,2.2523412927405566,0.0,2.2523412927405566,0.0,1.0000000000000002,regular_polygon,1.0000000000000002,analytic,False,True,True,empirical upper bound on the dimension--gain profile
Cycle,Cycle,4,3,2,1.5589120565987942,1.5589120565987942,1.5589120565987942,1.5589120565987942,0.0,1.5589120565987942,0.0,1.0000000000000002,regular_polygon,1.0000000000000002,analytic,False,True,True,empirical upper bound on the dimension--gain profile
Cycle,Cycle,6,1,2,8.999595053019618,8.999595053019618,8.999595053019618,8.999595053019618,0.0,8.999595053019618,0.0,,,8.999595053019618,optimized,False,False,False,empirical upper bound on the dimension--gain profile
Cycle,Cycle,6,2,2,3.4571534487106614,3.4571534487106614,3.4571534487106614,3.4571534487106614,0.0,3.4571534487106614,0.0,1.0000000000000009,regular_polygon,1.0000000000000009,analytic,False,True,True,empirical upper bound on the dimension--gain profile
Cycle,Cycle,6,3,2,2.460518146282032,2.460518146282032,2.460518146282032,2.460518146282032,0.0,2.460518146282032,0.0,1.0000000000000009,regular_polygon,1.0000000000000009,analytic,False,True,True,empirical upper bound on the dimension--gain profile
Cycle,Cycle,6,4,2,1.8977564836684835,1.8977564836684835,1.8977564836684835,1.8977564836684835,0.0,1.8977564836684835,0.0,1.0000000000000009,regular_polygon,1.0000000000000009,analytic,False,True,True,empirical upper bound on the dimension--gain profile
Cycle,Cycle,6,5,2,1.4872390152580817,1.4872390152580817,1.4872390152580817,1.4872390152580817,0.0,1.4872390152580817,0.0,1.0000000000000009,regular_polygon,1.0000000000000009,analytic,False,True,True,empirical upper bound on the dimension--gain profile
Cycle,Cycle,8,1,2,11.19793367866126,11.19793367866126,11.19793367866126,11.19793367866126,0.0,11.19793367866126,0.0,,,11.19793367866126,optimized,False,False,False,empirical upper bound on the dimension--gain profile
Cycle,Cycle,8,2,2,5.845807320901532,5.845807320901532,5.845807320901532,5.845807320901532,0.0,5.845807320901532,0.0,1.0000000000000004,regular_polygon,1.0000000000000004,analytic,False,True,True,empirical upper bound on the dimension--gain profile
Cycle,Cycle,8,3,2,2.7509453661834873,2.7509453661834873,2.7509453661834873,2.7509453661834873,0.0,2.7509453661834873,0.0,1.0000000000000004,regular_polygon,1.0000000000000004,analytic,False,True,True,empirical upper bound on the dimension--gain profile
Cycle,Cycle,8,4,2,2.4919956919393416,2.4919956919393416,2.4919956919393416,2.4919956919393416,0.0,2.4919956919393416,0.0,1.0000000000000004,regular_polygon,1.0000000000000004,analytic,False,True,True,empirical upper bound on the dimension--gain profile
Cycle,Cycle,8,5,2,1.9541646319990742,1.9541646319990742,1.9541646319990742,1.9541646319990742,0.0,1.9541646319990742,0.0,1.0000000000000004,regular_polygon,1.0000000000000004,analytic,False,True,True,empirical upper bound on the dimension--gain profile
Cycle,Cycle,8,6,2,4.025308665498486,4.025308665498486,4.025308665498486,4.025308665498486,0.0,4.025308665498486,0.0,1.0000000000000004,regular_polygon,1.0000000000000004,analytic,False,True,True,empirical upper bound on the dimension--gain profile
Cycle,Cycle,8,7,2,2.2188257997468153,2.2188257997468153,2.2188257997468153,2.2188257997468153,0.0,2.2188257997468153,0.0,1.0000000000000004,regular_polygon,1.0000000000000004,analytic,False,True,True,empirical upper bound on the dimension--gain profile
Cycle,Cycle,10,1,2,32.50240379308196,32.50240379308196,32.50240379308196,32.50240379308196,0.0,32.50240379308196,0.0,,,32.50240379308196,optimized,False,False,False,empirical upper bound on the dimension--gain profile
Cycle,Cycle,10,2,2,31.53802539873116,31.53802539873116,31.53802539873116,31.53802539873116,0.0,31.53802539873116,0.0,1.0000000000000004,regular_polygon,1.0000000000000004,analytic,False,True,True,empirical upper bound on the dimension--gain profile
Cycle,Cycle,10,3,2,4.611839295508623,4.611839295508623,4.611839295508623,4.611839295508623,0.0,4.611839295508623,0.0,1.0000000000000004,regular_polygon,1.0000000000000004,analytic,False,True,True,empirical upper bound on the dimension--gain profile
Cycle,Cycle,10,4,2,2.525852794209221,2.525852794209221,2.525852794209221,2.525852794209221,0.0,2.525852794209221,0.0,1.0000000000000004,regular_polygon,1.0000000000000004,analytic,False,True,True,empirical upper bound on the dimension--gain profile
Cycle,Cycle,10,5,2,2.5946386928245433,2.5946386928245433,2.5946386928245433,2.5946386928245433,0.0,2.5946386928245433,0.0,1.0000000000000004,regular_polygon,1.0000000000000004,analytic,False,True,True,empirical upper bound on the dimension--gain profile
Cycle,Cycle,10,6,2,4.032608619271602,4.032608619271602,4.032608619271602,4.032608619271602,0.0,4.032608619271602,0.0,1.0000000000000004,regular_polygon,1.0000000000000004,analytic,False,True,True,empirical upper bound on the dimension--gain profile
Cycle,Cycle,10,7,2,1.608860429802704,1.608860429802704,1.608860429802704,1.608860429802704,0.0,1.608860429802704,0.0,1.0000000000000004,regular_polygon,1.0000000000000004,analytic,False,True,True,empirical upper bound on the dimension--gain profile
Cycle,Cycle,10,8,2,1.879597246561344,1.879597246561344,1.879597246561344,1.879597246561344,0.0,1.879597246561344,0.0,1.0000000000000004,regular_polygon,1.0000000000000004,analytic,False,True,True,empirical upper bound on the dimension--gain profile
Cycle,Cycle,10,9,2,1.6905311606848616,1.6905311606848616,1.6905311606848616,1.6905311606848616,0.0,1.6905311606848616,0.0,1.0000000000000004,regular_polygon,1.0000000000000004,analytic,False,True,True,empirical upper bound on the dimension--gain profile
