system_public,system,n,m,best_optimized_gain,median_optimized_gain,optimized_gain_q1,optimized_gain_q3,optimized_gain_iqr,analytic_construction_gain,analytic_construction_kind,best_available_upper_bound,best_solution_source,theoretical_L1_threshold,optimized_L1_feasible,analytic_L1_feasible,best_available_L1_feasible,oracle_mse_at_L1_monotone_profile,oracle_selected_source_m,oracle_selected_seed,oracle_selected_hard_gain,oracle_selected_run_type,oracle_selected_init_kind,oracle_mse_at_L1_for_best_optimized_seed,oracle_best_optimized_seed,oracle_best_optimized_hard_gain,num_valid_restarts
Adjacent pair actions,AdjacentSwap,4,1,2.00000000053457,2.20760885544701,2.0008895386408,2.56797593248027,0.567086393839474,,,2.00000000053457,optimized,3,False,False,False,,,,,,,,,,10
Adjacent pair actions,AdjacentSwap,4,2,1.27254281639825,1.27458383811986,1.27278506153207,1.27538691797643,0.0026018564443566,,,1.27254281639825,optimized,3,False,False,False,,,,,,,,,,10
Adjacent pair actions,AdjacentSwap,4,3,1.00000000009308,1.00000000059535,1.00000000017234,1.00000000079459,6.22255136306649e-10,1,regular_simplex,1,analytic,3,True,True,True,,,,,,,,,,10
Adjacent pair actions,AdjacentSwap,6,1,2.41657129140818,3.27923413253114,3.20767519842281,3.36826390472201,0.1605887062992,,,2.41657129140818,optimized,5,False,False,False,,,,,,,,,,10
Adjacent pair actions,AdjacentSwap,6,2,1.40776787350785,1.4757543716855,1.4330432861505,1.55342478867882,0.120381502528315,,,1.40776787350785,optimized,5,False,False,False,,,,,,,,,,10
Adjacent pair actions,AdjacentSwap,6,3,1.22848006794424,1.25592812524397,1.25474598392488,1.26506192765077,0.0103159437258861,,,1.22848006794424,optimized,5,False,False,False,,,,,,,,,,10
Adjacent pair actions,AdjacentSwap,6,4,1.09991857247946,1.10091219050726,1.10085905552926,1.14448446740526,0.0436254118760011,,,1.09991857247946,optimized,5,False,False,False,,,,,,,,,,10
Adjacent pair actions,AdjacentSwap,6,5,1.00000000023216,1.00000000071595,1.00000000051464,1.00000000088617,3.71530362031081e-10,1,regular_simplex,1,analytic,5,True,True,True,,,,,,,,,,10
Adjacent pair actions,AdjacentSwap,8,1,3.20657397568547,4.20821981787286,3.80514694295109,4.32449194490486,0.51934500195377,,,3.20657397568547,optimized,7,False,False,False,1.73060691242047,1,1,4.67734576566653,random optimization,random_gaussian,2.3215366285067,5,3.20657397568547,10
Adjacent pair actions,AdjacentSwap,8,2,1.56047759899562,1.61005682984063,1.59345049197786,1.65450786412554,0.0610573721476854,,,1.56047759899562,optimized,7,False,False,False,0.0937518130936806,2,9,1.56047759899562,random optimization,random_gaussian,0.0937518130936806,9,1.56047759899562,10
Adjacent pair actions,AdjacentSwap,8,3,1.31428918223012,1.3326696513692,1.31657725773245,1.34261823790566,0.0260409801732157,,,1.31428918223012,optimized,7,False,False,False,0.0402072504939369,3,2,1.33580378671725,random optimization,random_gaussian,0.101700788787001,0,1.31428918223012,10
Adjacent pair actions,AdjacentSwap,8,4,1.20653347442076,1.21990708873318,1.21119840541489,1.23164165205545,0.0204432466405637,,,1.20653347442076,optimized,7,False,False,False,0.0149132926821545,4,8,1.2513252106928,random optimization,random_gaussian,0.0178748761745968,9,1.20653347442076,10
Adjacent pair actions,AdjacentSwap,8,5,1.13092245579076,1.14630353206719,1.13675320498267,1.1497677751832,0.0130145702005275,,,1.13092245579076,optimized,7,False,False,False,0.0042100830340981,5,6,1.13092245579076,random optimization,random_gaussian,0.0042100830340981,6,1.13092245579076,10
Adjacent pair actions,AdjacentSwap,8,6,1.05403277683459,1.0544893775688,1.05429551045247,1.08210704994176,0.0278115394892866,,,1.05403277683459,optimized,7,False,False,False,0.0005075478449497,6,3,1.05448626432967,random optimization,random_gaussian,0.0005142746896301,1,1.05403277683459,10
Adjacent pair actions,AdjacentSwap,8,7,1.0000000000053,1.0000000005119,1.0000000003259,1.00000000063777,3.11870085312194e-10,1,regular_simplex,1,analytic,7,True,True,True,0,7,,1,analytic construction,regular_simplex,0,5,1.0000000000053,10
Adjacent pair actions,AdjacentSwap,10,1,4.26077561750487,5.1416428516858,4.97601684241314,5.55932661610313,0.583309773689991,,,4.26077561750487,optimized,9,False,False,False,,,,,,,,,,10
Adjacent pair actions,AdjacentSwap,10,2,1.55991153435475,1.65173217702717,1.64594760819632,1.86138517189635,0.215437563700021,,,1.55991153435475,optimized,9,False,False,False,,,,,,,,,,10
Adjacent pair actions,AdjacentSwap,10,3,1.32977813187054,1.39423928280669,1.38607049134746,1.39795495956021,0.0118844682127561,,,1.32977813187054,optimized,9,False,False,False,,,,,,,,,,10
Adjacent pair actions,AdjacentSwap,10,4,1.24796319459712,1.2559534441725,1.25358110264935,1.26362934443962,0.0100482417902767,,,1.24796319459712,optimized,9,False,False,False,,,,,,,,,,10
Adjacent pair actions,AdjacentSwap,10,5,1.17017322608152,1.18033890126677,1.17625781687358,1.20213511324177,0.0258772963681925,,,1.17017322608152,optimized,9,False,False,False,,,,,,,,,,10
Adjacent pair actions,AdjacentSwap,10,6,1.13514167654474,1.15077192003552,1.14499799899694,1.1617611396422,0.0167631406452581,,,1.13514167654474,optimized,9,False,False,False,,,,,,,,,,10
Adjacent pair actions,AdjacentSwap,10,7,1.07716731424136,1.07718160371683,1.07717689099236,1.07719197132219,1.50803298297753e-05,,,1.07716731424136,optimized,9,False,False,False,,,,,,,,,,10
Adjacent pair actions,AdjacentSwap,10,8,1.03402128648594,1.04793091458645,1.03460197115682,1.06165638584185,0.0270544146850244,,,1.03402128648594,optimized,9,False,False,False,,,,,,,,,,10
Adjacent pair actions,AdjacentSwap,10,9,1.00000000004638,1.00000000059503,1.00000000033994,1.0000000007682,4.28253876805229e-10,1,regular_simplex,1,analytic,9,True,True,True,,,,,,,,,,10
All-pair actions,AllSwap,4,1,2.6187703446452,2.61932672610296,2.6190684813882,2.61948899686134,0.0004205154731344,3,grid,2.6187703446452,optimized,3,False,False,False,,,,,,,,,,10
All-pair actions,AllSwap,4,2,1.41421356258912,1.414213563058,1.41421356282922,1.73205080806274,0.317837245233518,1.4142135623731,grid,1.4142135623731,analytic,3,False,False,False,,,,,,,,,,10
All-pair actions,AllSwap,4,3,1.0000000002096,1.00000000055461,1.00000000037928,1.00000000070904,3.29755778238905e-10,1,regular_simplex,1,analytic,3,True,True,True,,,,,,,,,,10
All-pair actions,AllSwap,6,1,4.08156186323399,4.08370634460412,4.08344759380619,4.08527168100907,0.0018240872028778,5,grid,4.08156186323399,optimized,5,False,False,False,,,,,,,,,,10
All-pair actions,AllSwap,6,2,1.90211303261596,1.90211303316161,1.90211303279867,1.90211303329877,5.00105068468315e-10,2.23606797749979,grid,1.90211303261596,optimized,5,False,False,False,,,,,,,,,,10
All-pair actions,AllSwap,6,3,1.41421356238303,1.41421356272112,1.4142135625284,1.41421356318858,6.60178578471005e-10,1.73205080756888,grid,1.41421356238303,optimized,5,False,False,False,,,,,,,,,,10
All-pair actions,AllSwap,6,4,1.22474487156001,1.27025717494422,1.22474487227488,1.27027518167973,0.0455303094048462,1.73205080756888,grid,1.22474487156001,optimized,5,False,False,False,,,,,,,,,,10
All-pair actions,AllSwap,6,5,1.0000000001094,1.00000000050299,1.00000000017969,1.00000000073449,5.54803092356337e-10,1,regular_simplex,1,analytic,5,True,True,True,,,,,,,,,,10
All-pair actions,AllSwap,8,1,5.53585232056866,5.53585232098351,5.53585232073205,5.53585232108872,3.56672913426337e-10,7,grid,5.53585232056866,optimized,7,False,False,False,1.33384353741541,1,,7,analytic construction,grid,2.21365670412876,2,5.53585232056866,10
All-pair actions,AllSwap,8,2,2.32477037253896,2.32709304443153,2.32671075348864,2.32720549427339,0.0004947407847457,2.82842712474619,grid,2.32477037253896,optimized,7,False,False,False,0.164706085988115,2,,2.82842712474619,analytic construction,grid,0.26876043324669,5,2.32477037253896,10
All-pair actions,AllSwap,8,3,1.55596705160247,1.67982536117252,1.55596705169,1.82051359485171,0.264546543161713,1.73205080756888,grid,1.55596705160247,optimized,7,False,False,False,0.0447164865486947,3,7,1.55596705160247,random optimization,random_gaussian,0.0447164865486947,7,1.55596705160247,10
All-pair actions,AllSwap,8,4,1.41421356250106,1.4142135627768,1.41421356262419,1.41421356294094,3.16749293460816e-10,1.73205080756888,grid,1.41421356250106,optimized,7,False,False,False,0.0183828080659288,4,1,1.41421356250106,random optimization,random_gaussian,0.0183828080659288,1,1.41421356250106,10
All-pair actions,AllSwap,8,5,1.30433316272541,1.30609686567747,1.3059791039566,1.30625948225128,0.0002803782946829,1.73205080756888,grid,1.30433316272541,optimized,7,False,False,False,0.0117861581190426,5,6,1.30433316272541,random optimization,random_gaussian,0.0117861581190426,6,1.30433316272541,10
All-pair actions,AllSwap,8,6,1.154700538386,1.15470053882774,1.15470053860023,1.16697416568591,0.0122736270856766,1.73205080756888,grid,1.154700538386,optimized,7,False,False,False,0.003533245646199,6,3,1.154700538386,random optimization,random_gaussian,0.003533245646199,3,1.154700538386,10
All-pair actions,AllSwap,8,7,1.00000000000124,1.00000000048945,1.00000000034381,1.00000000068557,3.41762174116411e-10,1,regular_simplex,1,analytic,7,True,True,True,0,7,,1,analytic construction,regular_simplex,0,7,1.00000000000124,10
All-pair actions,AllSwap,10,1,6.98268833557908,6.98268833706498,6.98268833632578,6.98268833741757,1.09179332241638e-09,9,grid,6.98268833557908,optimized,9,False,False,False,,,,,,,,,,10
All-pair actions,AllSwap,10,2,2.55909671684391,2.56052069819344,2.55944830392759,2.5608628360301,0.0014145321025029,3.60555127546399,grid,2.55909671684391,optimized,9,False,False,False,,,,,,,,,,10
All-pair actions,AllSwap,10,3,1.7775910066093,1.85648748549833,1.85641149510251,1.86109137150633,0.0046798764038145,3,grid,1.7775910066093,optimized,9,False,False,False,,,,,,,,,,10
All-pair actions,AllSwap,10,4,1.41421356243441,1.41421356280208,1.41421356256936,1.41421356311561,5.46252820754489e-10,2,grid,1.41421356243441,optimized,9,False,False,False,,,,,,,,,,10
All-pair actions,AllSwap,10,5,1.41421356244938,1.4142135629495,1.41421356279966,1.41421356309467,2.95016899798384e-10,2,grid,1.41421356244938,optimized,9,False,False,False,,,,,,,,,,10
All-pair actions,AllSwap,10,6,1.30546790947757,1.30606362669263,1.3058706156582,1.30621610782026,0.0003454921620602,2,grid,1.30546790947757,optimized,9,False,False,False,,,,,,,,,,10
All-pair actions,AllSwap,10,7,1.2123555047269,1.21467174789303,1.21438240095912,1.21520415412284,0.0008217531637173,2,grid,1.2123555047269,optimized,9,False,False,False,,,,,,,,,,10
All-pair actions,AllSwap,10,8,1.11803398876076,1.11803398921665,1.11803398900993,1.11803398958732,5.77389913658521e-10,2,grid,1.11803398876076,optimized,9,False,False,False,,,,,,,,,,10
All-pair actions,AllSwap,10,9,1.00000000005253,1.00000000023185,1.00000000010664,1.00000000031019,2.03543182308863e-10,1,regular_simplex,1,analytic,9,True,True,True,,,,,,,,,,10
Cycle,Cycle,4,1,1.00224808144579,2.12995191716534,1.8429892182231,2.41556935051631,0.572580132293211,,,1.00224808144579,optimized,2,False,False,False,,,,,,,,,,10
Cycle,Cycle,4,2,1.00000000005135,1.00122460060883,1.0002727215053,1.00128850758012,0.0010157860748223,1,regular_polygon,1,analytic,2,True,True,True,,,,,,,,,,10
Cycle,Cycle,4,3,1.00000000031033,1.00000000060304,1.00000000041783,1.00000000083773,4.19903001258604e-10,1,regular_polygon,1,analytic,2,True,True,True,,,,,,,,,,10
Cycle,Cycle,6,1,1.62384688274312,2.26277222686871,1.97060981544915,2.35579049598527,0.385180680536121,,,1.62384688274312,optimized,2,False,False,False,,,,,,,,,,10
Cycle,Cycle,6,2,1.00266029592766,1.00412625901889,1.00401586663149,1.00447863722922,0.0004627705977333,1,regular_polygon,1,analytic,2,False,True,True,,,,,,,,,,10
Cycle,Cycle,6,3,1.00000000055917,1.00062696489133,1.00000000070253,1.00130677387915,0.0013067731766238,1,regular_polygon,1,analytic,2,True,True,True,,,,,,,,,,10
Cycle,Cycle,6,4,1.0000000001919,1.0000000006417,1.00000000036803,1.00000488378061,4.8834125792041e-06,1,regular_polygon,1,analytic,2,True,True,True,,,,,,,,,,10
Cycle,Cycle,6,5,1.00000000038232,1.00000000070723,1.00000000045902,1.00000000083189,3.72869068954174e-10,1,regular_polygon,1,analytic,2,True,True,True,,,,,,,,,,10
Cycle,Cycle,8,1,2.34594912688328,3.44704358471771,2.91886696922738,3.63765575084292,0.718788781615538,,,2.34594912688328,optimized,2,False,False,False,7.91297446972331,1,7,3.34415294226573,random optimization,random_gaussian,109.444450375186,2,2.34594912688328,10
Cycle,Cycle,8,2,1.00000000012158,1.02171293254996,1.00127640150822,1.1772848224671,0.176008420958881,1,regular_polygon,1,analytic,2,True,True,True,0,2,,1,analytic construction,regular_polygon,9.91418328938997e-21,8,1.00000000012158,10
Cycle,Cycle,8,3,1.00000000074923,1.00213617017719,1.00002816854465,1.00329405478855,0.0032658862439014,1,regular_polygon,1,analytic,2,True,True,True,0,2,,1,analytic construction,regular_polygon,3.0659516636783e-19,6,1.00000000074923,10
Cycle,Cycle,8,4,1.00000000026832,1.00000000092904,1.00000000065851,1.00106234199585,0.0010623413373369,1,regular_polygon,1,analytic,2,True,True,True,0,2,,1,analytic construction,regular_polygon,2.11344214495911e-20,9,1.00000000026832,10
Cycle,Cycle,8,5,1.00000000025489,1.00000000095266,1.00000000061403,1.00002083755836,2.08369443284173e-05,1,regular_polygon,1,analytic,2,True,True,True,0,2,,1,analytic construction,regular_polygon,2.33932842217017e-20,0,1.00000000025489,10
Cycle,Cycle,8,6,1.00000000056076,1.00001143646029,1.00000420644536,1.00001468017048,1.04737251236386e-05,1,regular_polygon,1,analytic,2,True,True,True,0,2,,1,analytic construction,regular_polygon,1.40942029521747e-19,0,1.00000000056076,10
Cycle,Cycle,8,7,1.00000000000173,1.0000000002529,1.00000000014433,1.0000000006425,4.98173724494677e-10,1,regular_polygon,1,analytic,2,True,True,True,0,2,,1,analytic construction,regular_polygon,0,4,1.00000000000173,10
Cycle,Cycle,10,1,2.91792329369605,4.73671929378781,3.57385943630982,5.06915385335532,1.49529441704551,,,2.91792329369605,optimized,2,False,False,False,,,,,,,,,,10
Cycle,Cycle,10,2,1.00000000030078,1.00624215473644,1.0011152249841,1.25355955796516,0.25244433298106,1,regular_polygon,1,analytic,2,True,True,True,,,,,,,,,,10
Cycle,Cycle,10,3,1.00000000038085,1.0000396570424,1.00000760709079,1.00021758589998,0.0002099788091884,1,regular_polygon,1,analytic,2,True,True,True,,,,,,,,,,10
Cycle,Cycle,10,4,1.00001674327274,1.00006143916665,1.00004453856368,1.00155535217446,0.0015108136107753,1,regular_polygon,1,analytic,2,False,True,True,,,,,,,,,,10
Cycle,Cycle,10,5,1.00000000014768,1.00000000051261,1.00000000041848,1.00000000088895,4.70478989100798e-10,1,regular_polygon,1,analytic,2,True,True,True,,,,,,,,,,10
Cycle,Cycle,10,6,1.00000000010681,1.00002286734312,1.00000335658574,1.00003048153964,2.71249538965623e-05,1,regular_polygon,1,analytic,2,True,True,True,,,,,,,,,,10
Cycle,Cycle,10,7,1.00000000006359,1.00000000046391,1.00000000026853,1.00000794838632,7.94811779258886e-06,1,regular_polygon,1,analytic,2,True,True,True,,,,,,,,,,10
Cycle,Cycle,10,8,1.00000000023701,1.00001148834285,1.00000825963374,1.00001633625479,8.07662105106743e-06,1,regular_polygon,1,analytic,2,True,True,True,,,,,,,,,,10
Cycle,Cycle,10,9,1.00000000002047,1.00000000040388,1.00000000028233,1.00000000053282,2.50491627440397e-10,1,regular_polygon,1,analytic,2,True,True,True,,,,,,,,,,10
