system,n,m,embedding_source,seed,exact_hard_required_gain,gain_budget_L,oracle_mse_at_L1,oracle_solver,oracle_num_actions,oracle_max_constraint_violation,drawn_action,witness_current_pair,witness_successor_pair,witness_ratio
Cycle,8,1,best optimized full-run embedding,2,2.34594912688328,1,109.444450375186,scipy SLSQP,1,2.48689957516035e-14,cyclic action,"{2,5}","{3,6}",2.34594912688328
Cycle,8,2,analytic regular octagon from full-run outputs,,1,1,0,scipy SLSQP,1,0,cyclic action,"{6,7}","{0,7}",1
Cycle,8,3,best optimized full-run embedding,6,1.00000000074923,1,3.0659516636783e-19,scipy SLSQP,1,2.22044604925031e-16,cyclic action,"{0,1}","{1,2}",1.00000000074923
Adjacent pair actions,8,1,best optimized full-run embedding,5,3.20657397568547,1,2.3215366285067,scipy SLSQP,7,2.54019028034236e-13,action on states 5 and 6,"{3,5}","{3,6}",3.20657397568547
Adjacent pair actions,8,2,best optimized full-run embedding,9,1.56047759899562,1,0.0937518130936806,scipy SLSQP,7,2.10400585842763e-11,action on states 2 and 3,"{3,5}","{2,5}",1.56047759899562
Adjacent pair actions,8,3,best optimized full-run embedding,0,1.31428918223012,1,0.101700788787001,scipy SLSQP,7,3.72168962314845e-12,action on states 5 and 6,"{4,6}","{4,5}",1.31428918223012
All-pair actions,8,1,best optimized full-run embedding,2,5.53585232056866,1,2.21365670412876,scipy SLSQP,28,1.05848663167762e-12,action on states 4 and 5,"{3,5}","{3,4}",5.53585232056866
All-pair actions,8,2,best optimized full-run embedding,5,2.32477037253896,1,0.26876043324669,scipy SLSQP,28,1.22875043473414e-11,action on states 0 and 6,"{0,3}","{3,6}",2.32477037253896
All-pair actions,8,3,best optimized full-run embedding,7,1.55596705160247,1,0.0447164865486947,scipy SLSQP,28,1.53881352105145e-11,action on states 4 and 7,"{4,5}","{5,7}",1.55596705160247
